#,Nama Pos Hujan,Latitude,Longitude,Nama Desa,Nama Kecamatan,Nama Kabupaten/Kota,Curah Hujan (mm),Kategori,Dasarian,Bulan,Tahun
1,TALIWANG,116.85416666667,-8.7358333333333,TALIWANG,MOYOHULU,SUMBAWA,0.0,Rendah,Dasarian 3,7,2025
2,SETELUK,116.85902777778,-8.6333055555556,TAPIR,MOYO UTARA,SUMBAWA,0.0,Rendah,Dasarian 3,7,2025
3,SEKONGKANG,116.74544444444,-8.9674166666667,SEKONGKANG BAWAH,LUNYUK,SUMBAWA,25.0,Rendah,Dasarian 3,7,2025
4,TANO,116.84475,-8.5834444444444,POTO TANO,LENANGGUAR,SUMBAWA,0.0,Rendah,Dasarian 3,7,2025
5,MALUK,116.7575,-8.9177777777778,MALUK,LAPE,SUMBAWA,0.0,Rendah,Dasarian 3,7,2025
6,JEREWEH,116.82283333333,-8.8666944444444,BELO,LABANGKA,SUMBAWA,0.0,Rendah,Dasarian 3,7,2025
7,BRANG REA,116.91575,-8.7245833333333,BERU,LAB BADAS,SUMBAWA,0.0,Rendah,Dasarian 3,7,2025
8,BRANG ENE,116.89786111111,-8.78325,-,EMPANG,SUMBAWA,0.0,Rendah,Dasarian 3,7,2025
9,UNTER IWES,117.402,-8.504,UNTER IWES,BUER,SUMBAWA,0.0,Rendah,Dasarian 3,7,2025
10,TERANO,117.99441666667,-8.7464722222222,LABUHAN BONTONG,ALAS BARAT,SUMBAWA,0.0,Rendah,Dasarian 3,7,2025
11,STAMET SUMBAWA,117.41361111111,-8.4883333333333,LAMPE,ALAS,SUMBAWA,0.0,Rendah,Dasarian 3,7,2025
12,DIPERTA SUMBAWA,117.41744444444,-8.5037777777778,BRANG BARA,TANJUNG,LOMBOK UTARA,0.0,Rendah,Dasarian 3,7,2025
13,RHEE,117.24416666667,-8.4875,-,PEMENANG,LOMBOK UTARA,0.0,Rendah,Dasarian 3,7,2025
14,MOYOHULU,117.44052777778,-8.6421666666667,SEMAMUNG,KAYANGAN,LOMBOK UTARA,2.0,Rendah,Dasarian 3,7,2025
15,SEBEWE MOYO UTARA,117.47430555556,-8.4828333333333,SEBEWE,GANGGA,LOMBOK UTARA,0.0,Rendah,Dasarian 3,7,2025
16,LUNYUK,117.20369444444,-8.9950277777778,LUNYUK ODE,GANGGA,LOMBOK UTARA,85.0,Menengah,Dasarian 3,7,2025
17,LENANGGUAR,117.36222222222,-8.7338055555556,LENANGGUAR,BAYAN,LOMBOK UTARA,0.0,Rendah,Dasarian 3,7,2025
18,LABANGKA/SUKADAMAI,117.73986111111,-8.9065277777778,SUKADAMAI,WANASABA,LOMBOK TIMUR,1.0,Rendah,Dasarian 3,7,2025
19,LABUHAN BADAS,117.36786111111,-8.47125,LABUHAN BADAS,TERARA,LOMBOK TIMUR,0.0,Rendah,Dasarian 3,7,2025
20,EMPANG,118.00013888889,-8.7701111111111,EMPANG ATAS,TERARA,LOMBOK TIMUR,0.0,Rendah,Dasarian 3,7,2025
21,BUER,117.03552777778,-8.4658333333333,LABUHAN BURUNG,SWELA,LOMBOK TIMUR,0.0,Rendah,Dasarian 3,7,2025
22,ALAS BARAT,116.96694444444,-8.5177777777778,-,SWELA,LOMBOK TIMUR,0.0,Rendah,Dasarian 3,7,2025
23,ALAS,116.99383333333,-8.5134722222222,ALAS,SUKAMULIA,LOMBOK TIMUR,0.0,Rendah,Dasarian 3,7,2025
24,TANJUNG,116.16,-8.36,SOKONG,SIKUR,LOMBOK TIMUR,0.0,Rendah,Dasarian 3,7,2025
25,SAMBIK BANGKOL,116.26541666667,-8.3228888888889,SAMBIK BANGKOL,SEMBALUN,LOMBOK TIMUR,0.0,Rendah,Dasarian 3,7,2025
26,GANGGA,116.19,-8.347,GONDANG,SEMBALUN,LOMBOK TIMUR,0.0,Rendah,Dasarian 3,7,2025
27,BAYAN,116.45,-8.27,BAYAN,SAMBELIA,LOMBOK TIMUR,0.0,Rendah,Dasarian 3,7,2025
28,KARANG BARU TIMUR/WANASABA,116.54533333333,-8.5451666666667,KARANG BARU TIMUR,SAMBELIA,LOMBOK TIMUR,4.0,Rendah,Dasarian 3,7,2025
29,RARANG SELATAN,116.39277777778,-8.6786111111111,TERARA,SAKRA BARAT,LOMBOK TIMUR,24.0,Rendah,Dasarian 3,7,2025
30,SWELA,116.57772222222,-8.5252777777778,SWELA,PRINGGASELA,LOMBOK TIMUR,0.0,Rendah,Dasarian 3,7,2025
31,PERIGI,116.62361111111,-8.4733333333333,PERIGI,PRINGGABAYA,LOMBOK TIMUR,0.0,Rendah,Dasarian 3,7,2025
32,SUKAMULIA,116.49138888889,-8.6389722222222,DASAN LEKONG,MONTONG GADING,LOMBOK TIMUR,2.0,Rendah,Dasarian 3,7,2025
33,SIKUR,116.42644444444,-8.6370277777778,MONTONG BAAN,MASBAGIK,LOMBOK TIMUR,12.0,Rendah,Dasarian 3,7,2025
34,SEMBALUN,116.52672222222,-8.36075,SEMBALUN LAWANG,LABUHAN HAJI,LOMBOK TIMUR,0.0,Rendah,Dasarian 3,7,2025
35,SAMBELIA,116.70591666667,-8.3883611111111,SAMBELIA,KERUAK,LOMBOK TIMUR,0.0,Rendah,Dasarian 3,7,2025
36,LABUHAN PANDAN,116.66722222222,-8.4158333333333,LABUHAN PANDAN,JEROWARU,LOMBOK TIMUR,0.0,Rendah,Dasarian 3,7,2025
37,RENSING,116.46541666667,-8.7258333333333,RENSING,AIKMEL,LOMBOK TIMUR,6.0,Rendah,Dasarian 3,7,2025
38,PRINGGASELA,116.45472222222,-8.5311111111111,-,AIKMEL,LOMBOK TIMUR,0.0,Rendah,Dasarian 3,7,2025
39,PRINGGABAYA,116.63780555556,-8.5305277777778,PRINGGABAYA UTARA,Tidak Diketahui,LOMBOK TIMUR,0.0,Rendah,Dasarian 3,7,2025
40,MONTONG GADING,116.40761111111,-8.5953611111111,PRINGGA JURANG,PUJUT,LOMBOK TENGAH,5.0,Rendah,Dasarian 3,7,2025
41,MASBAGIK,116.48702777778,-8.6161944444444,MASBAGIK BARAT,PUJUT,LOMBOK TENGAH,5.0,Rendah,Dasarian 3,7,2025
42,LABUHAN HAJI,116.57861111111,-8.6472222222222,-,PRAYA TIMUR,LOMBOK TENGAH,0.0,Rendah,Dasarian 3,7,2025
43,KERUAK,116.48416666667,-8.7541666666667,-,PRAYA TIMUR,LOMBOK TENGAH,4.0,Rendah,Dasarian 3,7,2025
44,JEROWARU,116.47694444444,-8.7738888888889,SEPAPAN,PRAYA TENGAH,LOMBOK TENGAH,0.0,Rendah,Dasarian 3,7,2025
45,LENEK DUREN,116.52861111111,-8.5797222222222,LENEK DUREN,PRAYA BARAT DAYA,LOMBOK TENGAH,2.0,Rendah,Dasarian 3,7,2025
46,AIKMEL,116.50986111111,-8.5846111111111,LENEK,PRAYA BARAT,LOMBOK TENGAH,0.0,Rendah,Dasarian 3,7,2025
47,PANDAN WANGI,116.4625,-8.7898055555555,PANDAN WANGI,PRAYA BARAT,LOMBOK TENGAH,0.0,Rendah,Dasarian 3,7,2025
48,PUJUT,116.3,-8.82,SENGKOL,PUJUT,LOMBOK TENGAH,22.0,Rendah,Dasarian 3,7,2025
49,MERTAK,116.36663888889,-8.8903333333333,MERTAK,PUJUT,LOMBOK TENGAH,10.0,Rendah,Dasarian 3,7,2025
50,PRINGGARATA,116.25,-8.62,PRINGGARATA,PRINGGARATA,LOMBOK TENGAH,8.0,Rendah,Dasarian 3,7,2025
51,MUJUR 2,116.39375,-8.8176666666667,BILELANDO,PRAYA TIMUR,LOMBOK TENGAH,28.0,Rendah,Dasarian 3,7,2025
52,BATU NYALA,116.31175,-8.7315833333333,BATU NYALA,PRAYA TENGAH,LOMBOK TENGAH,11.0,Rendah,Dasarian 3,7,2025
53,DAREK,116.20322222222,-8.7349722222222,DAREK,PRAYA BARAT DAYA,LOMBOK TENGAH,7.0,Rendah,Dasarian 3,7,2025
54,STAMET BIL,116.28472222222,-8.765,PENUJAK,PRAYA BARAT,LOMBOK TENGAH,31.0,Rendah,Dasarian 3,7,2025
55,SELONG BELANAK,116.15419444444,-8.8566111111111,SELONG BELANAK,PRAYA BARAT,LOMBOK TENGAH,8.0,Rendah,Dasarian 3,7,2025
56,PENUJAK,116.23,-8.77,PENUJAK,PRAYA BARAT,LOMBOK BARAT,7.0,Rendah,Dasarian 3,7,2025
57,KATENG,116.23338888889,-8.8240555555555,KATENG,PRAYA BARAT,LOMBOK BARAT,12.0,Rendah,Dasarian 3,7,2025
58,PRAYA,116.28052777778,-8.6961388888889,AIKMUAL,PRAYA,LOMBOK BARAT,14.0,Rendah,Dasarian 3,7,2025
59,KOPANG,116.38,-8.63,MONTONG GAMANG,KOPANG,LOMBOK BARAT,17.0,Rendah,Dasarian 3,7,2025
60,PUYUNG,116.23555555556,-8.68125,PUYUNG,JONGGAT,LOMBOK BARAT,6.0,Rendah,Dasarian 3,7,2025
61,JANAPRIA,116.4,-8.69,JANAPRIA,JANAPRIA,LOMBOK BARAT,8.0,Rendah,Dasarian 3,7,2025
62,BATUKLIANG,116.3,-8.57,TERATAK,BATUKLIANG UTARA,LOMBOK BARAT,17.0,Rendah,Dasarian 3,7,2025
63,MANTANG,116.31,-8.62,BARABALI,BATUKLIANG,LOMBOK BARAT,12.0,Rendah,Dasarian 3,7,2025
64,SEKOTONG,116.03,-8.76,SEKOTONG TENGAH,SEKOTONG,LOMBOK BARAT,4.0,Rendah,Dasarian 3,7,2025
65,PELANGAN,115.93386111111,-8.7939166666667,PELANGAN,SEKOTONG,LOMBOK BARAT,6.0,Rendah,Dasarian 3,7,2025
66,NARMADA,116.2,-8.58,PERESAK,NARMADA,LOMBOK BARAT,2.0,Rendah,Dasarian 3,7,2025
67,SIGERONGAN,116.18,-8.55,SIGERONGAN,LINGSAR,LOMBOK BARAT,1.0,Rendah,Dasarian 3,7,2025
68,LEMBAR,116.09,-8.75,LABUHAN TERENG,LEMBAR,KOTA MATARAM,2.0,Rendah,Dasarian 3,7,2025
69,LABUAPI,116.12219444444,-8.6276388888889,LABUAPI,LABUAPI,KOTA MATARAM,3.0,Rendah,Dasarian 3,7,2025
70,KEDIRI,116.1705,-8.6363888888889,MONTONG ARE,KEDIRI,KOTA MATARAM,4.0,Rendah,Dasarian 3,7,2025
71,GUNUNG SARI,116.1,-8.53,GUNUNG SARI,GUNUNG SARI,KOTA BIMA,0.0,Rendah,Dasarian 3,7,2025
72,GERUNG,116.11736111111,-8.6782777777778,GERUNG UTARA,GERUNG,KOTA BIMA,6.0,Rendah,Dasarian 3,7,2025
73,BATULAYAR,116.08055555556,-8.5396111111111,MENINTING,BATU LAYAR,KOTA BIMA,0.0,Rendah,Dasarian 3,7,2025
74,SELAPARANG,116.10719444444,-8.5585555555556,MONJOK,SELAPARANG,KOTA BIMA,2.0,Rendah,Dasarian 3,7,2025
75,AMPENAN,116.101,-8.59,JEMPONG BARU,SEKARBELA,DOMPU,1.0,Rendah,Dasarian 3,7,2025
76,CAKRANEGARA,116.13,-8.57,SAYANG-SAYANG,CAKRANEGARA,DOMPU,3.0,Rendah,Dasarian 3,7,2025
77,RASANAE / RABA,118.755,-8.4716111111111,RABANGGODU,RABA,DOMPU,0.0,Rendah,Dasarian 3,7,2025
78,ASAKOTA KOLO,118.72486111111,-8.37825,KOLO,ASAKOTA,DOMPU,0.0,Rendah,Dasarian 3,7,2025
79,ASAKOTA JATIWANGI,118.74102777778,-8.4480277777778,JATIWANGI,ASAKOTA,DOMPU,0.0,Rendah,Dasarian 3,7,2025
80,SANEO WOJA,118.45030555556,-8.4633888888889,SANEO,WOJA,DOMPU,1.0,Rendah,Dasarian 3,7,2025
81,PEKAT / CALABAI,117.72330555556,-8.2266944444444,CALABAI,PEKAT,DOMPU,0.0,Rendah,Dasarian 3,7,2025
82,PAJO,118.49583333333,-8.5836111111111,RANGGO,PAJO,DOMPU,0.0,Rendah,Dasarian 3,7,2025
83,MANGGALEWA,118.29933333333,-8.4813888888889,KALAMPA,MANGGALEWA,BIMA,11.0,Rendah,Dasarian 3,7,2025
84,KILO,118.39833333333,-8.3111111111111,NUSA JAYA,KILO,BIMA,0.0,Rendah,Dasarian 3,7,2025
85,KEMPO,118.24,-8.5,MELAJU,KEMPO,BIMA,2.0,Rendah,Dasarian 3,7,2025
86,HUU,118.43983333333,-8.7378333333333,KEMPO,HU'U,BIMA,5.0,Rendah,Dasarian 3,7,2025
87,DOMPU,118.46536111111,-8.5190555555556,…,DOMPU,BIMA,1.0,Rendah,Dasarian 3,7,2025
88,WAWO,118.85561111111,-8.5523333333333,KOMBO,WAWO,BIMA,0.0,Rendah,Dasarian 3,7,2025
89,TAMBORA,118.0,-8.16,RASABOU,TAMBORA,BIMA,0.0,Rendah,Dasarian 3,7,2025
90,SOROMANDI,118.69111111111,-8.3805555555556,KANANTA,SOROMANDI,BIMA,0.0,Rendah,Dasarian 3,7,2025
91,SAPE,118.97605555556,-8.5656944444444,NARU,SAPE,BIMA,0.0,Rendah,Dasarian 3,7,2025
92,SANGGAR,118.3105,-8.3767222222222,SEKURU,SANGGAR,BIMA,0.0,Rendah,Dasarian 3,7,2025
93,STAMET BIMA,118.69277777778,-8.5427777777778,BELO,PALIBELO,BIMA,1.0,Rendah,Dasarian 3,7,2025
94,PALIBELO PANDA,118.69436111111,-8.51875,RATO,PALIBELO,BIMA,0.0,Rendah,Dasarian 3,7,2025
95,MADAPANGGA 2,118.6005,-8.5191111111111,BOLO,MADAPANGGA,BIMA,3.0,Rendah,Dasarian 3,7,2025
96,DORO OO/LANGGUDU,118.76,-8.69,DORO OO,LANGGUDU,BIMA,2.0,Rendah,Dasarian 3,7,2025
97,LAMBU,119.00308333333,-8.6225833333333,LANTA,LAMBU,BIMA,0.0,Rendah,Dasarian 3,7,2025
98,LAMBITU,118.76722222222,-8.5808333333333,-,LAMBITU,BIMA,0.0,Rendah,Dasarian 3,7,2025
99,DONGGO NDANO,118.54,-8.5,NDANO NAE,DONGGO,BIMA,2.0,Rendah,Dasarian 3,7,2025
100,BOLO,118.61908333333,-8.5017222222222,CENGGU,BOLO,BIMA,2.0,Rendah,Dasarian 3,7,2025
101,BELO,118.70216666667,-8.5964166666667,CENGGU,BELO,BIMA,1.0,Rendah,Dasarian 3,7,2025
102,TALIWANG,-8.7358333333333,116.85416666667,TALIWANG,TALIWANG,SUMBAWA BARAT,0.0,Rendah,Dasarian 2,7,2025
103,SETELUK,-8.6333055555556,116.85902777778,TAPIR,SETELUK,SUMBAWA BARAT,1.0,Rendah,Dasarian 2,7,2025
104,SEKONGKANG,-8.9674166666667,116.74544444444,SEKONGKANG BAWAH,SEKONGKANG,SUMBAWA BARAT,6.0,Rendah,Dasarian 2,7,2025
105,TANO,-8.5834444444444,116.84475,POTO TANO,POTO TANO,SUMBAWA BARAT,0.0,Rendah,Dasarian 2,7,2025
106,MALUK,-8.9177777777778,116.7575,MALUK,MALUK,SUMBAWA BARAT,0.0,Rendah,Dasarian 2,7,2025
107,JEREWEH,-8.8666944444444,116.82283333333,BELO,JEREWEH,SUMBAWA BARAT,0.0,Rendah,Dasarian 2,7,2025
108,BRANG REA,-8.7245833333333,116.91575,BERU,BRANG REA,SUMBAWA BARAT,8.0,Rendah,Dasarian 2,7,2025
109,BRANG ENE,-8.78325,116.89786111111,-,BRANG ENE,SUMBAWA BARAT,1.0,Rendah,Dasarian 2,7,2025
110,UNTER IWES,-8.504,117.402,UNTER IWES,UNTER IWES,SUMBAWA,0.0,Rendah,Dasarian 2,7,2025
111,TERANO,-8.7464722222222,117.99441666667,LABUHAN BONTONG,TERANO,SUMBAWA,0.0,Rendah,Dasarian 2,7,2025
112,STAMET SUMBAWA,-8.4883333333333,117.41361111111,LAMPE,SUMBAWA,SUMBAWA,0.0,Rendah,Dasarian 2,7,2025
113,DIPERTA SUMBAWA,-8.5037777777778,117.41744444444,BRANG BARA,SUMBAWA,SUMBAWA,0.0,Rendah,Dasarian 2,7,2025
114,RHEE,-8.4875,117.24416666667,-,RHEE,SUMBAWA,0.0,Rendah,Dasarian 2,7,2025
115,PLAMPANG,-8.7770277777778,117.75858333333,PLAMPANG,PLAMPANG,SUMBAWA,0.0,Rendah,Dasarian 2,7,2025
116,ORONG TELU,-8.7883333333333,117.21805555556,-,ORONG TELU,SUMBAWA,3.0,Rendah,Dasarian 2,7,2025
117,MOYOHULU,-8.6421666666667,117.44052777778,SEMAMUNG,MOYOHULU,SUMBAWA,0.0,Rendah,Dasarian 2,7,2025
118,SEBEWE MOYO UTARA,-8.4828333333333,117.47430555556,SEBEWE,MOYO UTARA,SUMBAWA,0.0,Rendah,Dasarian 2,7,2025
119,LUNYUK,-8.9950277777778,117.20369444444,LUNYUK ODE,LUNYUK,SUMBAWA,10.0,Rendah,Dasarian 2,7,2025
120,LENANGGUAR,-8.7338055555556,117.36222222222,LENANGGUAR,LENANGGUAR,SUMBAWA,8.0,Rendah,Dasarian 2,7,2025
121,LAPE,-8.6251944444444,117.60213888889,DETE,LAPE,SUMBAWA,0.0,Rendah,Dasarian 2,7,2025
122,LABANGKA/SUKADAMAI,-8.9065277777778,117.73986111111,SUKADAMAI,LABANGKA,SUMBAWA,4.0,Rendah,Dasarian 2,7,2025
123,LABUHAN BADAS,-8.47125,117.36786111111,LABUHAN BADAS,LAB BADAS,SUMBAWA,0.0,Rendah,Dasarian 2,7,2025
124,EMPANG,-8.7701111111111,118.00013888889,EMPANG ATAS,EMPANG,SUMBAWA,7.0,Rendah,Dasarian 2,7,2025
125,BUER,-8.4658333333333,117.03552777778,LABUHAN BURUNG,BUER,SUMBAWA,0.0,Rendah,Dasarian 2,7,2025
126,ALAS BARAT,-8.5177777777778,116.96694444444,-,ALAS BARAT,SUMBAWA,0.0,Rendah,Dasarian 2,7,2025
127,ALAS,-8.5134722222222,116.99383333333,ALAS,ALAS,SUMBAWA,0.0,Rendah,Dasarian 2,7,2025
128,TANJUNG,-8.36,116.16,SOKONG,TANJUNG,LOMBOK UTARA,0.0,Rendah,Dasarian 2,7,2025
129,PEMENANG,-8.4031111111111,116.10019444444,PEMENANG BARAT,PEMENANG,LOMBOK UTARA,12.0,Rendah,Dasarian 2,7,2025
130,SMPK SANTONG,-8.3177777777778,116.28786111111,SANTONG,KAYANGAN,LOMBOK UTARA,0.0,Rendah,Dasarian 2,7,2025
131,SAMBIK BANGKOL,-8.3228888888889,116.26541666667,SAMBIK BANGKOL,GANGGA,LOMBOK UTARA,6.0,Rendah,Dasarian 2,7,2025
132,GANGGA,-8.347,116.19,GONDANG,GANGGA,LOMBOK UTARA,0.0,Rendah,Dasarian 2,7,2025
133,SENARU,-8.2899722222222,116.402,SENARU,BAYAN,LOMBOK UTARA,0.0,Rendah,Dasarian 2,7,2025
134,KARANG BARU TIMUR/WANASABA,-8.5451666666667,116.54533333333,KARANG BARU TIMUR,WANASABA,LOMBOK TIMUR,0.0,Rendah,Dasarian 2,7,2025
135,TERARA,-8.6170555555556,116.41622222222,-,TERARA,LOMBOK TIMUR,0.0,Rendah,Dasarian 2,7,2025
136,RARANG SELATAN,-8.6786111111111,116.39277777778,TERARA,TERARA,LOMBOK TIMUR,1.0,Rendah,Dasarian 2,7,2025
137,SWELA,-8.5252777777778,116.57772222222,SWELA,SWELA,LOMBOK TIMUR,0.0,Rendah,Dasarian 2,7,2025
138,PERIGI,-8.4733333333333,116.62361111111,PERIGI,SWELA,LOMBOK TIMUR,0.0,Rendah,Dasarian 2,7,2025
139,SUKAMULIA,-8.6389722222222,116.49138888889,DASAN LEKONG,SUKAMULIA,LOMBOK TIMUR,0.0,Rendah,Dasarian 2,7,2025
140,SIKUR,-8.6370277777778,116.42644444444,MONTONG BAAN,SIKUR,LOMBOK TIMUR,3.0,Rendah,Dasarian 2,7,2025
141,SEMBALUN,-8.36075,116.52672222222,SEMBALUN LAWANG,SEMBALUN,LOMBOK TIMUR,0.0,Rendah,Dasarian 2,7,2025
142,KOKOK PUTIH SEMBALUN,-8.3085277777778,116.63805555556,BILOK TEPUNG,SEMBALUN,LOMBOK TIMUR,0.0,Rendah,Dasarian 2,7,2025
143,SAMBELIA,-8.3883611111111,116.70591666667,SAMBELIA,SAMBELIA,LOMBOK TIMUR,0.0,Rendah,Dasarian 2,7,2025
144,LABUHAN PANDAN,-8.4158333333333,116.66722222222,LABUHAN PANDAN,SAMBELIA,LOMBOK TIMUR,0.0,Rendah,Dasarian 2,7,2025
145,RENSING,-8.7258333333333,116.46541666667,RENSING,SAKRA BARAT,LOMBOK TIMUR,0.0,Rendah,Dasarian 2,7,2025
146,PRINGGASELA,-8.5311111111111,116.45472222222,-,PRINGGASELA,LOMBOK TIMUR,8.0,Rendah,Dasarian 2,7,2025
147,PRINGGABAYA,-8.5305277777778,116.63780555556,PRINGGABAYA UTARA,PRINGGABAYA,LOMBOK TIMUR,0.0,Rendah,Dasarian 2,7,2025
148,MONTONG GADING,-8.5953611111111,116.40761111111,PRINGGA JURANG,MONTONG GADING,LOMBOK TIMUR,1.0,Rendah,Dasarian 2,7,2025
149,MASBAGIK,-8.6161944444444,116.48702777778,MASBAGIK BARAT,MASBAGIK,LOMBOK TIMUR,6.0,Rendah,Dasarian 2,7,2025
150,LABUHAN HAJI,-8.6472222222222,116.57861111111,-,LABUHAN HAJI,LOMBOK TIMUR,0.0,Rendah,Dasarian 2,7,2025
151,KERUAK,-8.7541666666667,116.48416666667,-,KERUAK,LOMBOK TIMUR,0.0,Rendah,Dasarian 2,7,2025
152,JEROWARU,-8.7738888888889,116.47694444444,SEPAPAN,JEROWARU,LOMBOK TIMUR,0.0,Rendah,Dasarian 2,7,2025
153,LENEK DUREN,-8.5797222222222,116.52861111111,LENEK DUREN,AIKMEL,LOMBOK TIMUR,47.0,Rendah,Dasarian 2,7,2025
154,AIKMEL,-8.5846111111111,116.50986111111,LENEK,AIKMEL,LOMBOK TIMUR,4.0,Rendah,Dasarian 2,7,2025
155,PANDAN WANGI,-8.7898055555555,116.4625,PANDAN WANGI,Tidak Diketahui,LOMBOK TIMUR,2.0,Rendah,Dasarian 2,7,2025
156,PUJUT,-8.82,116.3,SENGKOL,PUJUT,LOMBOK TENGAH,0.0,Rendah,Dasarian 2,7,2025
157,MERTAK,-8.8903333333333,116.36663888889,MERTAK,PUJUT,LOMBOK TENGAH,0.0,Rendah,Dasarian 2,7,2025
158,MUJUR 2,-8.8176666666667,116.39375,BILELANDO,PRAYA TIMUR,LOMBOK TENGAH,0.0,Rendah,Dasarian 2,7,2025
159,MUJUR,-8.78,116.36,MUJUR,PRAYA TIMUR,LOMBOK TENGAH,4.0,Rendah,Dasarian 2,7,2025
160,BATU NYALA,-8.7315833333333,116.31175,BATU NYALA,PRAYA TENGAH,LOMBOK TENGAH,1.0,Rendah,Dasarian 2,7,2025
161,DAREK,-8.7349722222222,116.20322222222,DAREK,PRAYA BARAT DAYA,LOMBOK TENGAH,1.0,Rendah,Dasarian 2,7,2025
162,STAMET BIL,-8.765,116.28472222222,PENUJAK,PRAYA BARAT,LOMBOK TENGAH,0.0,Rendah,Dasarian 2,7,2025
163,SELONG BELANAK,-8.8566111111111,116.15419444444,SELONG BELANAK,PRAYA BARAT,LOMBOK TENGAH,2.0,Rendah,Dasarian 2,7,2025
164,PENUJAK,-8.77,116.23,PENUJAK,PRAYA BARAT,LOMBOK TENGAH,0.0,Rendah,Dasarian 2,7,2025
165,KATENG,-8.8240555555555,116.23338888889,KATENG,PRAYA BARAT,LOMBOK TENGAH,0.0,Rendah,Dasarian 2,7,2025
166,PRAYA,-8.6961388888889,116.28052777778,AIKMUAL,PRAYA,LOMBOK TENGAH,4.0,Rendah,Dasarian 2,7,2025
167,KOPANG,-8.63,116.38,MONTONG GAMANG,KOPANG,LOMBOK TENGAH,4.0,Rendah,Dasarian 2,7,2025
168,PUYUNG,-8.68125,116.23555555556,PUYUNG,JONGGAT,LOMBOK TENGAH,0.0,Rendah,Dasarian 2,7,2025
169,JANAPRIA,-8.69,116.4,JANAPRIA,JANAPRIA,LOMBOK TENGAH,0.0,Rendah,Dasarian 2,7,2025
170,BATUKLIANG,-8.57,116.3,TERATAK,BATUKLIANG UTARA,LOMBOK TENGAH,25.0,Rendah,Dasarian 2,7,2025
171,MANTANG,-8.62,116.31,BARABALI,BATUKLIANG,LOMBOK TENGAH,95.0,Menengah,Dasarian 2,7,2025
172,SEKOTONG,-8.76,116.03,SEKOTONG TENGAH,SEKOTONG,LOMBOK BARAT,0.0,Rendah,Dasarian 2,7,2025
173,PELANGAN,-8.7939166666667,115.93386111111,PELANGAN,SEKOTONG,LOMBOK BARAT,0.0,Rendah,Dasarian 2,7,2025
174,NARMADA,-8.58,116.2,PERESAK,NARMADA,LOMBOK BARAT,48.0,Rendah,Dasarian 2,7,2025
175,SIGERONGAN,-8.55,116.18,SIGERONGAN,LINGSAR,LOMBOK BARAT,42.0,Rendah,Dasarian 2,7,2025
176,LEMBAR,-8.75,116.09,LABUHAN TERENG,LEMBAR,LOMBOK BARAT,0.0,Rendah,Dasarian 2,7,2025
177,LABUAPI,-8.6276388888889,116.12219444444,LABUAPI,LABUAPI,LOMBOK BARAT,21.0,Rendah,Dasarian 2,7,2025
178,RUMAK,-8.64125,116.13430555556,RUMAK,KEDIRI,LOMBOK BARAT,18.0,Rendah,Dasarian 2,7,2025
179,KEDIRI,-8.6363888888889,116.1705,MONTONG ARE,KEDIRI,LOMBOK BARAT,51.0,Menengah,Dasarian 2,7,2025
180,GUNUNG SARI,-8.53,116.1,GUNUNG SARI,GUNUNG SARI,LOMBOK BARAT,21.0,Rendah,Dasarian 2,7,2025
181,GERUNG,-8.6782777777778,116.11736111111,GERUNG UTARA,GERUNG,LOMBOK BARAT,1.0,Rendah,Dasarian 2,7,2025
182,BANYU URIP,-8.7296944444444,116.15475,BANYU URIP,GERUNG,LOMBOK BARAT,2.0,Rendah,Dasarian 2,7,2025
183,BATULAYAR,-8.5396111111111,116.08055555556,MENINTING,BATU LAYAR,LOMBOK BARAT,26.0,Rendah,Dasarian 2,7,2025
184,SELAPARANG,-8.5585555555556,116.10719444444,MONJOK,SELAPARANG,KOTA MATARAM,43.0,Rendah,Dasarian 2,7,2025
185,AMPENAN,-8.59,116.101,JEMPONG BARU,SEKARBELA,KOTA MATARAM,15.0,Rendah,Dasarian 2,7,2025
186,CAKRANEGARA,-8.57,116.13,SAYANG-SAYANG,CAKRANEGARA,KOTA MATARAM,49.0,Rendah,Dasarian 2,7,2025
187,RASANAE TIMUR,-8.4951666666667,118.78747222222,KUMBE,RASANAE TIMUR,KOTA BIMA,0.0,Rendah,Dasarian 2,7,2025
188,RASANAE / RABA,-8.4716111111111,118.755,RABANGGODU,RABA,KOTA BIMA,0.0,Rendah,Dasarian 2,7,2025
189,ASAKOTA KOLO,-8.37825,118.72486111111,KOLO,ASAKOTA,KOTA BIMA,0.0,Rendah,Dasarian 2,7,2025
190,ASAKOTA JATIWANGI,-8.4480277777778,118.74102777778,JATIWANGI,ASAKOTA,KOTA BIMA,0.0,Rendah,Dasarian 2,7,2025
191,SANEO WOJA,-8.4633888888889,118.45030555556,SANEO,WOJA,DOMPU,0.0,Rendah,Dasarian 2,7,2025
192,PEKAT / CALABAI,-8.2266944444444,117.72330555556,CALABAI,PEKAT,DOMPU,0.0,Rendah,Dasarian 2,7,2025
193,PAJO,-8.5836111111111,118.49583333333,RANGGO,PAJO,DOMPU,0.0,Rendah,Dasarian 2,7,2025
194,MANGGALEWA,-8.4813888888889,118.29933333333,NUSA JAYA,MANGGALEWA,DOMPU,12.0,Rendah,Dasarian 2,7,2025
195,KILO,-8.3111111111111,118.39833333333,MELAJU,KILO,DOMPU,0.0,Rendah,Dasarian 2,7,2025
196,KEMPO,-8.5,118.24,KEMPO,KEMPO,DOMPU,27.0,Rendah,Dasarian 2,7,2025
197,HUU,-8.7378333333333,118.43983333333,RASABOU,HU'U,DOMPU,0.0,Rendah,Dasarian 2,7,2025
198,DOMPU,-8.5190555555556,118.46536111111,BALI I,DOMPU,DOMPU,0.0,Rendah,Dasarian 2,7,2025
199,WOHA,-8.5691666666667,118.66872222222,KALAMPA,WOHA,BIMA,0.0,Rendah,Dasarian 2,7,2025
200,WAWO,-8.5523333333333,118.85561111111,KOMBO,WAWO,BIMA,0.0,Rendah,Dasarian 2,7,2025
201,TAMBORA,-8.16,118.0,RASABOU,TAMBORA,BIMA,13.0,Rendah,Dasarian 2,7,2025
202,SOROMANDI,-8.3805555555556,118.69111111111,KANANTA,SOROMANDI,BIMA,0.0,Rendah,Dasarian 2,7,2025
203,SAPE 2,-8.5759444444444,118.99333333333,…,SAPE,BIMA,0.0,Rendah,Dasarian 2,7,2025
204,SAPE,-8.5656944444444,118.97605555556,NARU,SAPE,BIMA,0.0,Rendah,Dasarian 2,7,2025
205,SANGGAR,-8.3767222222222,118.3105,SANDUE,SANGGAR,BIMA,0.0,Rendah,Dasarian 2,7,2025
206,STAMET BIMA,-8.5427777777778,118.69277777778,BELO,PALIBELO,BIMA,0.0,Rendah,Dasarian 2,7,2025
207,PALIBELO PANDA,-8.51875,118.69436111111,PANDA,PALIBELO,BIMA,0.0,Rendah,Dasarian 2,7,2025
208,MONTA,-8.6399444444444,118.69344444444,SEKURU,MONTA,BIMA,0.0,Rendah,Dasarian 2,7,2025
209,MADAPANGGA 2,-8.5191111111111,118.6005,BOLO,MADAPANGGA,BIMA,0.0,Rendah,Dasarian 2,7,2025
210,MADAPANGGA,-8.5107222222222,118.57802777778,RATO,MADAPANGGA,BIMA,0.0,Rendah,Dasarian 2,7,2025
211,DORO OO/LANGGUDU,-8.69,118.76,DORO OO,LANGGUDU,BIMA,0.0,Rendah,Dasarian 2,7,2025
212,LAMBU,-8.6225833333333,119.00308333333,LANTA,LAMBU,BIMA,0.0,Rendah,Dasarian 2,7,2025
213,LAMBITU,-8.5808333333333,118.76722222222,…,LAMBITU,BIMA,0.0,Rendah,Dasarian 2,7,2025
214,DONGGO NDANO,-8.5,118.54,NDANO NAE,DONGGO,BIMA,0.0,Rendah,Dasarian 2,7,2025
215,DONGGO,-8.4304166666667,118.60391666667,O'O,DONGGO,BIMA,0.0,Rendah,Dasarian 2,7,2025
216,BOLO,-8.5017222222222,118.61908333333,CENGGU,BOLO,BIMA,0.0,Rendah,Dasarian 2,7,2025
217,BELO,-8.5964166666667,118.70216666667,CENGGU,BELO,BIMA,0.0,Rendah,Dasarian 2,7,2025
218,TALIWANG,-8.7358333333333,116.85416666667,TALIWANG,TALIWANG,SUMBAWA BARAT,14.0,Rendah,Dasarian 1,7,2025
219,SETELUK,-8.6333055555556,116.85902777778,TAPIR,SETELUK,SUMBAWA BARAT,130.0,Menengah,Dasarian 1,7,2025
220,SEKONGKANG,-8.9674166666667,116.74544444444,SEKONGKANG BAWAH,SEKONGKANG,SUMBAWA BARAT,4.0,Rendah,Dasarian 1,7,2025
221,TANO,-8.5834444444444,116.84475,POTO TANO,POTO TANO,SUMBAWA BARAT,105.0,Menengah,Dasarian 1,7,2025
222,MALUK,-8.9177777777778,116.7575,MALUK,MALUK,SUMBAWA BARAT,1.0,Rendah,Dasarian 1,7,2025
223,JEREWEH,-8.8666944444444,116.82283333333,BELO,JEREWEH,SUMBAWA BARAT,0.0,Rendah,Dasarian 1,7,2025
224,BRANG REA,-8.7245833333333,116.91575,BERU,BRANG REA,SUMBAWA BARAT,13.0,Rendah,Dasarian 1,7,2025
225,BRANG ENE,-8.78325,116.89786111111,-,BRANG ENE,SUMBAWA BARAT,1.0,Rendah,Dasarian 1,7,2025
226,UNTER IWES,-8.504,117.402,UNTER IWES,UNTER IWES,SUMBAWA,6.0,Rendah,Dasarian 1,7,2025
227,TERANO,-8.7464722222222,117.99441666667,LABUHAN BONTONG,TERANO,SUMBAWA,3.0,Rendah,Dasarian 1,7,2025
228,DIPERTA SUMBAWA,-8.5037777777778,117.41744444444,BRANG BARA,SUMBAWA,SUMBAWA,4.0,Rendah,Dasarian 1,7,2025
229,RHEE,-8.4875,117.24416666667,-,RHEE,SUMBAWA,0.0,Rendah,Dasarian 1,7,2025
230,PLAMPANG,-8.7770277777778,117.75858333333,PLAMPANG,PLAMPANG,SUMBAWA,10.0,Rendah,Dasarian 1,7,2025
231,ORONG TELU,-8.7883333333333,117.21805555556,-,ORONG TELU,SUMBAWA,21.0,Rendah,Dasarian 1,7,2025
232,MOYOHULU,-8.6421666666667,117.44052777778,SEMAMUNG,MOYOHULU,SUMBAWA,3.0,Rendah,Dasarian 1,7,2025
233,MOYOHILIR,-8.5263611111111,117.50055555556,MOYO,MOYOHILIR,SUMBAWA,0.0,Rendah,Dasarian 1,7,2025
234,SEBEWE MOYO UTARA,-8.4828333333333,117.47430555556,SEBEWE,MOYO UTARA,SUMBAWA,0.0,Rendah,Dasarian 1,7,2025
235,LUNYUK,-8.9950277777778,117.20369444444,LUNYUK ODE,LUNYUK,SUMBAWA,26.0,Rendah,Dasarian 1,7,2025
236,LENANGGUAR,-8.7338055555556,117.36222222222,LENANGGUAR,LENANGGUAR,SUMBAWA,6.0,Rendah,Dasarian 1,7,2025
237,LABANGKA/SUKADAMAI,-8.9065277777778,117.73986111111,SUKADAMAI,LABANGKA,SUMBAWA,56.0,Menengah,Dasarian 1,7,2025
238,LABUHAN BADAS,-8.47125,117.36786111111,LABUHAN BADAS,LAB BADAS,SUMBAWA,0.0,Rendah,Dasarian 1,7,2025
239,EMPANG,-8.7701111111111,118.00013888889,EMPANG ATAS,EMPANG,SUMBAWA,7.0,Rendah,Dasarian 1,7,2025
240,BUER,-8.4658333333333,117.03552777778,LABUHAN BURUNG,BUER,SUMBAWA,33.0,Rendah,Dasarian 1,7,2025
241,BATULANTEH,-8.5708888888889,117.31833333333,KLUNGKUNG,BATULANTEH,SUMBAWA,8.0,Rendah,Dasarian 1,7,2025
242,ALAS BARAT,-8.5177777777778,116.96694444444,-,ALAS BARAT,SUMBAWA,92.0,Menengah,Dasarian 1,7,2025
243,ALAS,-8.5134722222222,116.99383333333,ALAS,ALAS,SUMBAWA,93.0,Menengah,Dasarian 1,7,2025
244,TANJUNG,-8.36,116.16,SOKONG,TANJUNG,LOMBOK UTARA,9.0,Rendah,Dasarian 1,7,2025
245,PEMENANG TIMUR,-8.40725,116.11466666667,PEMENANG TIMUR,PEMENANG,LOMBOK UTARA,7.0,Rendah,Dasarian 1,7,2025
246,PEMENANG,-8.4031111111111,116.10019444444,PEMENANG BARAT,PEMENANG,LOMBOK UTARA,6.0,Rendah,Dasarian 1,7,2025
247,SMPK SANTONG,-8.3177777777778,116.28786111111,SANTONG,KAYANGAN,LOMBOK UTARA,17.0,Rendah,Dasarian 1,7,2025
248,SAMBIK BANGKOL,-8.3228888888889,116.26541666667,SAMBIK BANGKOL,GANGGA,LOMBOK UTARA,14.0,Rendah,Dasarian 1,7,2025
249,GANGGA,-8.347,116.19,GONDANG,GANGGA,LOMBOK UTARA,5.0,Rendah,Dasarian 1,7,2025
250,SENARU,-8.2899722222222,116.402,SENARU,BAYAN,LOMBOK UTARA,7.0,Rendah,Dasarian 1,7,2025
251,BAYAN,-8.27,116.45,ANYAR,BAYAN,LOMBOK UTARA,0.0,Rendah,Dasarian 1,7,2025
252,TERARA,-8.6170555555556,116.41622222222,-,TERARA,LOMBOK TIMUR,29.0,Rendah,Dasarian 1,7,2025
253,RARANG SELATAN,-8.6786111111111,116.39277777778,TERARA,TERARA,LOMBOK TIMUR,42.0,Rendah,Dasarian 1,7,2025
254,SWELA,-8.5252777777778,116.57772222222,SWELA,SWELA,LOMBOK TIMUR,27.0,Rendah,Dasarian 1,7,2025
255,PERIGI,-8.4733333333333,116.62361111111,PERIGI,SWELA,LOMBOK TIMUR,31.0,Rendah,Dasarian 1,7,2025
256,SUKAMULIA,-8.6389722222222,116.49138888889,DASAN LEKONG,SUKAMULIA,LOMBOK TIMUR,22.0,Rendah,Dasarian 1,7,2025
257,SIKUR,-8.6370277777778,116.42644444444,MONTONG BAAN,SIKUR,LOMBOK TIMUR,36.0,Rendah,Dasarian 1,7,2025
258,SEMBALUN,-8.36075,116.52672222222,SEMBALUN LAWANG,SEMBALUN,LOMBOK TIMUR,7.0,Rendah,Dasarian 1,7,2025
259,SAMBELIA,-8.3883611111111,116.70591666667,SAMBELIA,SAMBELIA,LOMBOK TIMUR,1.0,Rendah,Dasarian 1,7,2025
260,RENSING,-8.7258333333333,116.46541666667,RENSING,SAKRA BARAT,LOMBOK TIMUR,14.0,Rendah,Dasarian 1,7,2025
261,PRINGGABAYA,-8.5305277777778,116.63780555556,PRINGGABAYA UTARA,PRINGGABAYA,LOMBOK TIMUR,34.0,Rendah,Dasarian 1,7,2025
262,MONTONG GADING,-8.5953611111111,116.40761111111,PRINGGA JURANG,MONTONG GADING,LOMBOK TIMUR,36.0,Rendah,Dasarian 1,7,2025
263,MASBAGIK,-8.6161944444444,116.48702777778,MASBAGIK BARAT,MASBAGIK,LOMBOK TIMUR,20.0,Rendah,Dasarian 1,7,2025
264,LABUHAN HAJI,-8.6472222222222,116.57861111111,-,LABUHAN HAJI,LOMBOK TIMUR,2.0,Rendah,Dasarian 1,7,2025
265,KERUAK,-8.7541666666667,116.48416666667,-,KERUAK,LOMBOK TIMUR,9.0,Rendah,Dasarian 1,7,2025
266,JEROWARU,-8.7738888888889,116.47694444444,SEPAPAN,JEROWARU,LOMBOK TIMUR,9.0,Rendah,Dasarian 1,7,2025
267,LENEK DUREN,-8.5797222222222,116.52861111111,LENEK DUREN,AIKMEL,LOMBOK TIMUR,90.0,Menengah,Dasarian 1,7,2025
268,AIKMEL,-8.5846111111111,116.50986111111,LENEK,AIKMEL,LOMBOK TIMUR,19.0,Rendah,Dasarian 1,7,2025
269,PANDAN WANGI,-8.7898055555555,116.4625,PANDAN WANGI,JEROWARU,LOMBOK TIMUR,11.0,Rendah,Dasarian 1,7,2025
270,PUJUT,-8.82,116.3,SENGKOL,PUJUT,LOMBOK TENGAH,28.0,Rendah,Dasarian 1,7,2025
271,MERTAK,-8.8903333333333,116.36663888889,MERTAK,PUJUT,LOMBOK TENGAH,1.0,Rendah,Dasarian 1,7,2025
272,PRINGGARATA,-8.62,116.25,PRINGGARATA,PRINGGARATA,LOMBOK TENGAH,129.0,Menengah,Dasarian 1,7,2025
273,MUJUR 2,-8.8176666666667,116.39375,BILELANDO,PRAYA TIMUR,LOMBOK TENGAH,6.0,Rendah,Dasarian 1,7,2025
274,MUJUR,-8.78,116.36,MUJUR,PRAYA TIMUR,LOMBOK TENGAH,65.0,Menengah,Dasarian 1,7,2025
275,BATU NYALA,-8.7315833333333,116.31175,BATU NYALA,PRAYA TENGAH,LOMBOK TENGAH,41.0,Rendah,Dasarian 1,7,2025
276,DAREK,-8.7349722222222,116.20322222222,DAREK,PRAYA BARAT DAYA,LOMBOK TENGAH,74.0,Menengah,Dasarian 1,7,2025
277,STAMET BIL,-8.765,116.28472222222,PENUJAK,PRAYA BARAT,LOMBOK TENGAH,36.0,Rendah,Dasarian 1,7,2025
278,SELONG BELANAK,-8.8566111111111,116.15419444444,SELONG BELANAK,PRAYA BARAT,LOMBOK TENGAH,34.0,Rendah,Dasarian 1,7,2025
279,PENUJAK,-8.77,116.23,PENUJAK,PRAYA BARAT,LOMBOK TENGAH,39.0,Rendah,Dasarian 1,7,2025
280,KATENG,-8.8240555555555,116.23338888889,KATENG,PRAYA BARAT,LOMBOK TENGAH,26.0,Rendah,Dasarian 1,7,2025
281,PRAYA,-8.6961388888889,116.28052777778,AIKMUAL,PRAYA,LOMBOK TENGAH,41.0,Rendah,Dasarian 1,7,2025
282,KOPANG,-8.63,116.38,MONTONG GAMANG,KOPANG,LOMBOK TENGAH,32.0,Rendah,Dasarian 1,7,2025
283,PUYUNG,-8.68125,116.23555555556,PUYUNG,JONGGAT,LOMBOK TENGAH,33.0,Rendah,Dasarian 1,7,2025
284,JANAPRIA,-8.69,116.4,JANAPRIA,JANAPRIA,LOMBOK TENGAH,36.0,Rendah,Dasarian 1,7,2025
285,BATUKLIANG,-8.57,116.3,TERATAK,BATUKLIANG UTARA,LOMBOK TENGAH,78.0,Menengah,Dasarian 1,7,2025
286,MANTANG,-8.62,116.31,BARABALI,BATUKLIANG,LOMBOK TENGAH,76.0,Menengah,Dasarian 1,7,2025
287,SEKOTONG,-8.76,116.03,SEKOTONG TENGAH,SEKOTONG,LOMBOK BARAT,20.0,Rendah,Dasarian 1,7,2025
288,PELANGAN,-8.7939166666667,115.93386111111,PELANGAN,SEKOTONG,LOMBOK BARAT,17.0,Rendah,Dasarian 1,7,2025
289,NARMADA,-8.58,116.2,PERESAK,NARMADA,LOMBOK BARAT,133.0,Menengah,Dasarian 1,7,2025
290,SIGERONGAN,-8.55,116.18,SIGERONGAN,LINGSAR,LOMBOK BARAT,180.0,Tinggi,Dasarian 1,7,2025
291,LEMBAR,-8.75,116.09,LABUHAN TERENG,LEMBAR,LOMBOK BARAT,26.0,Rendah,Dasarian 1,7,2025
292,LABUAPI,-8.6276388888889,116.12219444444,LABUAPI,LABUAPI,LOMBOK BARAT,128.0,Menengah,Dasarian 1,7,2025
293,RUMAK,-8.64125,116.13430555556,RUMAK,KEDIRI,LOMBOK BARAT,101.0,Menengah,Dasarian 1,7,2025
294,KEDIRI,-8.6363888888889,116.1705,MONTONG ARE,KEDIRI,LOMBOK BARAT,104.0,Menengah,Dasarian 1,7,2025
295,GUNUNG SARI,-8.53,116.1,GUNUNG SARI,GUNUNG SARI,LOMBOK BARAT,88.0,Menengah,Dasarian 1,7,2025
296,GERUNG,-8.6782777777778,116.11736111111,GERUNG UTARA,GERUNG,LOMBOK BARAT,46.0,Rendah,Dasarian 1,7,2025
297,BANYU URIP,-8.7296944444444,116.15475,BANYU URIP,GERUNG,LOMBOK BARAT,57.0,Menengah,Dasarian 1,7,2025
298,BATULAYAR,-8.5396111111111,116.08055555556,MENINTING,BATU LAYAR,LOMBOK BARAT,48.0,Rendah,Dasarian 1,7,2025
299,SELAPARANG,-8.5585555555556,116.10719444444,MONJOK,SELAPARANG,KOTA MATARAM,106.0,Menengah,Dasarian 1,7,2025
300,AMPENAN,-8.59,116.101,JEMPONG BARU,SEKARBELA,KOTA MATARAM,78.0,Menengah,Dasarian 1,7,2025
301,CAKRANEGARA,-8.57,116.13,SAYANG-SAYANG,CAKRANEGARA,KOTA MATARAM,131.0,Menengah,Dasarian 1,7,2025
302,RASANAE / RABA,-8.4716111111111,118.755,RABANGGODU,RABA,KOTA BIMA,3.0,Rendah,Dasarian 1,7,2025
303,ASAKOTA KOLO,-8.37825,118.72486111111,KOLO,ASAKOTA,KOTA BIMA,0.0,Rendah,Dasarian 1,7,2025
304,ASAKOTA JATIWANGI,-8.4480277777778,118.74102777778,JATIWANGI,ASAKOTA,KOTA BIMA,4.0,Rendah,Dasarian 1,7,2025
305,SANEO WOJA,-8.4633888888889,118.45030555556,SANEO,WOJA,DOMPU,16.0,Rendah,Dasarian 1,7,2025
306,PEKAT / CALABAI,-8.2266944444444,117.72330555556,CALABAI,PEKAT,DOMPU,25.0,Rendah,Dasarian 1,7,2025
307,PAJO,-8.5836111111111,118.49583333333,RANGGO,PAJO,DOMPU,0.0,Rendah,Dasarian 1,7,2025
308,MANGGALEWA,-8.4813888888889,118.29933333333,NUSA JAYA,MANGGALEWA,DOMPU,65.0,Menengah,Dasarian 1,7,2025
309,KILO,-8.3111111111111,118.39833333333,MELAJU,KILO,DOMPU,0.0,Rendah,Dasarian 1,7,2025
310,KEMPO,-8.5,118.24,KEMPO,KEMPO,DOMPU,70.0,Menengah,Dasarian 1,7,2025
311,HUU,-8.7378333333333,118.43983333333,RASABOU,HU'U,DOMPU,0.0,Rendah,Dasarian 1,7,2025
312,DOMPU,-8.5190555555556,118.46536111111,BALI I,DOMPU,DOMPU,0.0,Rendah,Dasarian 1,7,2025
313,WAWO,-8.5523333333333,118.85561111111,KOMBO,WAWO,BIMA,2.0,Rendah,Dasarian 1,7,2025
314,TAMBORA,-8.16,118.0,RASABOU,TAMBORA,BIMA,7.0,Rendah,Dasarian 1,7,2025
315,SOROMANDI,-8.3805555555556,118.69111111111,KANANTA,SOROMANDI,BIMA,0.0,Rendah,Dasarian 1,7,2025
316,SAPE 2,-8.5759444444444,118.99333333333,…,SAPE,BIMA,0.0,Rendah,Dasarian 1,7,2025
317,SAPE,-8.5656944444444,118.97605555556,NARU,SAPE,BIMA,0.0,Rendah,Dasarian 1,7,2025
318,SANGGAR,-8.3767222222222,118.3105,SANDUE,SANGGAR,BIMA,18.0,Rendah,Dasarian 1,7,2025
319,STAMET BIMA,-8.5427777777778,118.69277777778,BELO,PALIBELO,BIMA,7.0,Rendah,Dasarian 1,7,2025
320,PALIBELO PANDA,-8.51875,118.69436111111,PANDA,PALIBELO,BIMA,1.0,Rendah,Dasarian 1,7,2025
321,MONTA,-8.6399444444444,118.69344444444,SEKURU,MONTA,BIMA,0.0,Rendah,Dasarian 1,7,2025
322,MADAPANGGA 2,-8.5191111111111,118.6005,BOLO,MADAPANGGA,BIMA,0.0,Rendah,Dasarian 1,7,2025
323,MADAPANGGA,-8.5107222222222,118.57802777778,RATO,MADAPANGGA,BIMA,0.0,Rendah,Dasarian 1,7,2025
324,DORO OO/LANGGUDU,-8.69,118.76,DORO OO,LANGGUDU,BIMA,10.0,Rendah,Dasarian 1,7,2025
325,LAMBU,-8.6225833333333,119.00308333333,LANTA,LAMBU,BIMA,0.0,Rendah,Dasarian 1,7,2025
326,LAMBITU,-8.5808333333333,118.76722222222,…,LAMBITU,BIMA,0.0,Rendah,Dasarian 1,7,2025
327,DONGGO,-8.4304166666667,118.60391666667,O'O,DONGGO,BIMA,6.0,Rendah,Dasarian 1,7,2025
328,BELO,-8.5964166666667,118.70216666667,CENGGU,BELO,BIMA,0.0,Rendah,Dasarian 1,7,2025
329,TALIWANG,-8.7358333333333,116.85416666667,TALIWANG,TALIWANG,SUMBAWA BARAT,0.0,Rendah,Dasarian 3,6,2025
330,SETELUK,-8.6333055555556,116.85902777778,TAPIR,SETELUK,SUMBAWA BARAT,19.0,Rendah,Dasarian 3,6,2025
331,TANO,-8.5834444444444,116.84475,POTO TANO,POTO TANO,SUMBAWA BARAT,8.0,Rendah,Dasarian 3,6,2025
332,MALUK,-8.9177777777778,116.7575,MALUK,MALUK,SUMBAWA BARAT,0.0,Rendah,Dasarian 3,6,2025
333,JEREWEH,-8.8666944444444,116.82283333333,BELO,JEREWEH,SUMBAWA BARAT,0.0,Rendah,Dasarian 3,6,2025
334,BRANG REA,-8.7245833333333,116.91575,BERU,BRANG REA,SUMBAWA BARAT,0.0,Rendah,Dasarian 3,6,2025
335,BRANG ENE,-8.78325,116.89786111111,-,BRANG ENE,SUMBAWA BARAT,0.0,Rendah,Dasarian 3,6,2025
336,UNTER IWES,-8.504,117.402,UNTER IWES,UNTER IWES,SUMBAWA,1.0,Rendah,Dasarian 3,6,2025
337,TERANO,-8.7464722222222,117.99441666667,LABUHAN BONTONG,TERANO,SUMBAWA,25.0,Rendah,Dasarian 3,6,2025
338,STAMET SUMBAWA,-8.4883333333333,117.41361111111,LAMPE,SUMBAWA,SUMBAWA,0.0,Rendah,Dasarian 3,6,2025
339,DIPERTA SUMBAWA,-8.5037777777778,117.41744444444,BRANG BARA,SUMBAWA,SUMBAWA,2.0,Rendah,Dasarian 3,6,2025
340,RHEE,-8.4875,117.24416666667,-,RHEE,SUMBAWA,0.0,Rendah,Dasarian 3,6,2025
341,PLAMPANG,-8.7770277777778,117.75858333333,PLAMPANG,PLAMPANG,SUMBAWA,14.0,Rendah,Dasarian 3,6,2025
342,ORONG TELU,-8.7883333333333,117.21805555556,-,ORONG TELU,SUMBAWA,7.0,Rendah,Dasarian 3,6,2025
343,MOYOHULU,-8.6421666666667,117.44052777778,SEMAMUNG,MOYOHULU,SUMBAWA,2.0,Rendah,Dasarian 3,6,2025
344,SEBEWE MOYO UTARA,-8.4828333333333,117.47430555556,SEBEWE,MOYO UTARA,SUMBAWA,1.0,Rendah,Dasarian 3,6,2025
345,LUNYUK,-8.9950277777778,117.20369444444,LUNYUK ODE,LUNYUK,SUMBAWA,54.0,Menengah,Dasarian 3,6,2025
346,LENANGGUAR,-8.7338055555556,117.36222222222,LENANGGUAR,LENANGGUAR,SUMBAWA,23.0,Rendah,Dasarian 3,6,2025
347,LABUHAN BADAS,-8.47125,117.36786111111,LABUHAN BADAS,LAB BADAS,SUMBAWA,1.0,Rendah,Dasarian 3,6,2025
348,EMPANG,-8.7701111111111,118.00013888889,EMPANG ATAS,EMPANG,SUMBAWA,55.0,Menengah,Dasarian 3,6,2025
349,BUER,-8.4658333333333,117.03552777778,LABUHAN BURUNG,BUER,SUMBAWA,11.0,Rendah,Dasarian 3,6,2025
350,ALAS BARAT,-8.5177777777778,116.96694444444,-,ALAS BARAT,SUMBAWA,11.0,Rendah,Dasarian 3,6,2025
351,ALAS,-8.5134722222222,116.99383333333,ALAS,ALAS,SUMBAWA,20.0,Rendah,Dasarian 3,6,2025
352,TANJUNG,-8.36,116.16,SOKONG,TANJUNG,LOMBOK UTARA,9.0,Rendah,Dasarian 3,6,2025
353,PEMENANG TIMUR,-8.40725,116.11466666667,PEMENANG TIMUR,PEMENANG,LOMBOK UTARA,77.0,Menengah,Dasarian 3,6,2025
354,PEMENANG,-8.4031111111111,116.10019444444,PEMENANG BARAT,PEMENANG,LOMBOK UTARA,57.0,Menengah,Dasarian 3,6,2025
355,SAMBIK BANGKOL,-8.3228888888889,116.26541666667,SAMBIK BANGKOL,GANGGA,LOMBOK UTARA,22.0,Rendah,Dasarian 3,6,2025
356,GANGGA,-8.347,116.19,GONDANG,GANGGA,LOMBOK UTARA,27.0,Rendah,Dasarian 3,6,2025
357,KARANG BARU TIMUR/WANASABA,-8.5451666666667,116.54533333333,KARANG BARU TIMUR,WANASABA,LOMBOK TIMUR,0.0,Rendah,Dasarian 3,6,2025
358,RARANG SELATAN,-8.6786111111111,116.39277777778,TERARA,TERARA,LOMBOK TIMUR,2.0,Rendah,Dasarian 3,6,2025
359,SWELA,-8.5252777777778,116.57772222222,SWELA,SWELA,LOMBOK TIMUR,0.0,Rendah,Dasarian 3,6,2025
360,PERIGI,-8.4733333333333,116.62361111111,PERIGI,SWELA,LOMBOK TIMUR,13.0,Rendah,Dasarian 3,6,2025
361,SUKAMULIA,-8.6389722222222,116.49138888889,DASAN LEKONG,SUKAMULIA,LOMBOK TIMUR,0.0,Rendah,Dasarian 3,6,2025
362,SIKUR,-8.6370277777778,116.42644444444,MONTONG BAAN,SIKUR,LOMBOK TIMUR,0.0,Rendah,Dasarian 3,6,2025
363,SEMBALUN,-8.36075,116.52672222222,SEMBALUN LAWANG,SEMBALUN,LOMBOK TIMUR,5.0,Rendah,Dasarian 3,6,2025
364,KOKOK PUTIH SEMBALUN,-8.3085277777778,116.63805555556,BILOK TEPUNG,SEMBALUN,LOMBOK TIMUR,2.0,Rendah,Dasarian 3,6,2025
365,SAMBELIA,-8.3883611111111,116.70591666667,SAMBELIA,SAMBELIA,LOMBOK TIMUR,4.0,Rendah,Dasarian 3,6,2025
366,LABUHAN PANDAN,-8.4158333333333,116.66722222222,LABUHAN PANDAN,SAMBELIA,LOMBOK TIMUR,2.0,Rendah,Dasarian 3,6,2025
367,RENSING,-8.7258333333333,116.46541666667,RENSING,SAKRA BARAT,LOMBOK TIMUR,0.0,Rendah,Dasarian 3,6,2025
368,PRINGGASELA,-8.5311111111111,116.45472222222,-,PRINGGASELA,LOMBOK TIMUR,5.0,Rendah,Dasarian 3,6,2025
369,PRINGGABAYA,-8.5305277777778,116.63780555556,PRINGGABAYA UTARA,PRINGGABAYA,LOMBOK TIMUR,0.0,Rendah,Dasarian 3,6,2025
370,MONTONG GADING,-8.5953611111111,116.40761111111,PRINGGA JURANG,MONTONG GADING,LOMBOK TIMUR,5.0,Rendah,Dasarian 3,6,2025
371,MASBAGIK,-8.6161944444444,116.48702777778,MASBAGIK BARAT,MASBAGIK,LOMBOK TIMUR,0.0,Rendah,Dasarian 3,6,2025
372,LABUHAN HAJI,-8.6472222222222,116.57861111111,-,LABUHAN HAJI,LOMBOK TIMUR,0.0,Rendah,Dasarian 3,6,2025
373,KERUAK,-8.7541666666667,116.48416666667,-,KERUAK,LOMBOK TIMUR,0.0,Rendah,Dasarian 3,6,2025
374,JEROWARU,-8.7738888888889,116.47694444444,SEPAPAN,JEROWARU,LOMBOK TIMUR,0.0,Rendah,Dasarian 3,6,2025
375,LENEK DUREN,-8.5797222222222,116.52861111111,LENEK DUREN,AIKMEL,LOMBOK TIMUR,0.0,Rendah,Dasarian 3,6,2025
376,AIKMEL,-8.5846111111111,116.50986111111,LENEK,AIKMEL,LOMBOK TIMUR,4.0,Rendah,Dasarian 3,6,2025
377,PANDAN WANGI,-8.7898055555555,116.4625,PANDAN WANGI,Tidak Diketahui,LOMBOK TIMUR,0.0,Rendah,Dasarian 3,6,2025
378,PUJUT,-8.82,116.3,SENGKOL,PUJUT,LOMBOK TENGAH,6.0,Rendah,Dasarian 3,6,2025
379,MERTAK,-8.8903333333333,116.36663888889,MERTAK,PUJUT,LOMBOK TENGAH,3.0,Rendah,Dasarian 3,6,2025
380,PRINGGARATA,-8.62,116.25,PRINGGARATA,PRINGGARATA,LOMBOK TENGAH,0.0,Rendah,Dasarian 3,6,2025
381,MUJUR,-8.78,116.36,MUJUR,PRAYA TIMUR,LOMBOK TENGAH,0.0,Rendah,Dasarian 3,6,2025
382,BATU NYALA,-8.7315833333333,116.31175,BATU NYALA,PRAYA TENGAH,LOMBOK TENGAH,1.0,Rendah,Dasarian 3,6,2025
383,DAREK,-8.7349722222222,116.20322222222,DAREK,PRAYA BARAT DAYA,LOMBOK TENGAH,3.0,Rendah,Dasarian 3,6,2025
384,STAMET BIL,-8.765,116.28472222222,PENUJAK,PRAYA BARAT,LOMBOK TENGAH,2.0,Rendah,Dasarian 3,6,2025
385,SELONG BELANAK,-8.8566111111111,116.15419444444,SELONG BELANAK,PRAYA BARAT,LOMBOK TENGAH,20.0,Rendah,Dasarian 3,6,2025
386,PENUJAK,-8.77,116.23,PENUJAK,PRAYA BARAT,LOMBOK TENGAH,4.0,Rendah,Dasarian 3,6,2025
387,KOPANG,-8.63,116.38,MONTONG GAMANG,KOPANG,LOMBOK TENGAH,3.0,Rendah,Dasarian 3,6,2025
388,PUYUNG,-8.68125,116.23555555556,PUYUNG,JONGGAT,LOMBOK TENGAH,0.0,Rendah,Dasarian 3,6,2025
389,JANAPRIA,-8.69,116.4,JANAPRIA,JANAPRIA,LOMBOK TENGAH,2.0,Rendah,Dasarian 3,6,2025
390,BATUKLIANG,-8.57,116.3,TERATAK,BATUKLIANG UTARA,LOMBOK TENGAH,4.0,Rendah,Dasarian 3,6,2025
391,MANTANG,-8.62,116.31,BARABALI,BATUKLIANG,LOMBOK TENGAH,1.0,Rendah,Dasarian 3,6,2025
392,SEKOTONG,-8.76,116.03,SEKOTONG TENGAH,SEKOTONG,LOMBOK BARAT,5.0,Rendah,Dasarian 3,6,2025
393,NARMADA,-8.58,116.2,PERESAK,NARMADA,LOMBOK BARAT,0.0,Rendah,Dasarian 3,6,2025
394,SIGERONGAN,-8.55,116.18,SIGERONGAN,LINGSAR,LOMBOK BARAT,13.0,Rendah,Dasarian 3,6,2025
395,LEMBAR,-8.75,116.09,LABUHAN TERENG,LEMBAR,LOMBOK BARAT,3.0,Rendah,Dasarian 3,6,2025
396,LABUAPI,-8.6276388888889,116.12219444444,LABUAPI,LABUAPI,LOMBOK BARAT,0.0,Rendah,Dasarian 3,6,2025
397,RUMAK,-8.64125,116.13430555556,RUMAK,KEDIRI,LOMBOK BARAT,0.0,Rendah,Dasarian 3,6,2025
398,KEDIRI,-8.6363888888889,116.1705,MONTONG ARE,KEDIRI,LOMBOK BARAT,0.0,Rendah,Dasarian 3,6,2025
399,GUNUNG SARI,-8.53,116.1,GUNUNG SARI,GUNUNG SARI,LOMBOK BARAT,71.0,Menengah,Dasarian 3,6,2025
400,GERUNG,-8.6782777777778,116.11736111111,GERUNG UTARA,GERUNG,LOMBOK BARAT,2.0,Rendah,Dasarian 3,6,2025
401,BANYU URIP,-8.7296944444444,116.15475,BANYU URIP,GERUNG,LOMBOK BARAT,2.0,Rendah,Dasarian 3,6,2025
402,BATULAYAR,-8.5396111111111,116.08055555556,MENINTING,BATU LAYAR,LOMBOK BARAT,52.0,Menengah,Dasarian 3,6,2025
403,SELAPARANG,-8.5585555555556,116.10719444444,MONJOK,SELAPARANG,KOTA MATARAM,19.0,Rendah,Dasarian 3,6,2025
404,AMPENAN,-8.59,116.101,JEMPONG BARU,SEKARBELA,KOTA MATARAM,0.0,Rendah,Dasarian 3,6,2025
405,CAKRANEGARA,-8.57,116.13,SAYANG-SAYANG,CAKRANEGARA,KOTA MATARAM,12.0,Rendah,Dasarian 3,6,2025
406,RASANAE / RABA,-8.4716111111111,118.755,RABANGGODU,RABA,KOTA BIMA,5.0,Rendah,Dasarian 3,6,2025
407,ASAKOTA KOLO,-8.37825,118.72486111111,KOLO,ASAKOTA,KOTA BIMA,0.0,Rendah,Dasarian 3,6,2025
408,ASAKOTA JATIWANGI,-8.4480277777778,118.74102777778,JATIWANGI,ASAKOTA,KOTA BIMA,5.0,Rendah,Dasarian 3,6,2025
409,SANEO WOJA,-8.4633888888889,118.45030555556,SANEO,WOJA,DOMPU,1.0,Rendah,Dasarian 3,6,2025
410,PEKAT / CALABAI,-8.2266944444444,117.72330555556,CALABAI,PEKAT,DOMPU,5.0,Rendah,Dasarian 3,6,2025
411,PAJO,-8.5836111111111,118.49583333333,RANGGO,PAJO,DOMPU,17.0,Rendah,Dasarian 3,6,2025
412,MANGGALEWA,-8.4813888888889,118.29933333333,NUSA JAYA,MANGGALEWA,DOMPU,0.0,Rendah,Dasarian 3,6,2025
413,KILO,-8.3111111111111,118.39833333333,MELAJU,KILO,DOMPU,14.0,Rendah,Dasarian 3,6,2025
414,KEMPO,-8.5,118.24,KEMPO,KEMPO,DOMPU,3.0,Rendah,Dasarian 3,6,2025
415,HUU,-8.7378333333333,118.43983333333,RASABOU,HU'U,DOMPU,21.0,Rendah,Dasarian 3,6,2025
416,DOMPU,-8.5190555555556,118.46536111111,BALI I,DOMPU,DOMPU,2.0,Rendah,Dasarian 3,6,2025
417,WAWO,-8.5523333333333,118.85561111111,KOMBO,WAWO,BIMA,26.0,Rendah,Dasarian 3,6,2025
418,SOROMANDI,-8.3805555555556,118.69111111111,KANANTA,SOROMANDI,BIMA,1.0,Rendah,Dasarian 3,6,2025
419,SAPE,-8.5656944444444,118.97605555556,NARU,SAPE,BIMA,0.0,Rendah,Dasarian 3,6,2025
420,SANGGAR,-8.3767222222222,118.3105,SANDUE,SANGGAR,BIMA,7.0,Rendah,Dasarian 3,6,2025
421,STAMET BIMA,-8.5427777777778,118.69277777778,BELO,PALIBELO,BIMA,0.0,Rendah,Dasarian 3,6,2025
422,MADAPANGGA 2,-8.5191111111111,118.6005,BOLO,MADAPANGGA,BIMA,2.0,Rendah,Dasarian 3,6,2025
423,MADAPANGGA,-8.5107222222222,118.57802777778,RATO,MADAPANGGA,BIMA,0.0,Rendah,Dasarian 3,6,2025
424,DORO OO/LANGGUDU,-8.69,118.76,DORO OO,LANGGUDU,BIMA,72.0,Menengah,Dasarian 3,6,2025
425,LAMBU,-8.6225833333333,119.00308333333,LANTA,LAMBU,BIMA,2.0,Rendah,Dasarian 3,6,2025
426,LAMBITU,-8.5808333333333,118.76722222222,…,LAMBITU,BIMA,26.0,Rendah,Dasarian 3,6,2025
427,DONGGO NDANO,-8.5,118.54,NDANO NAE,DONGGO,BIMA,1.0,Rendah,Dasarian 3,6,2025
428,BELO,-8.5964166666667,118.70216666667,CENGGU,BELO,BIMA,0.0,Rendah,Dasarian 3,6,2025
429,TALIWANG,-8.7358333333333,116.85416666667,TALIWANG,TALIWANG,SUMBAWA BARAT,0.0,Rendah,Dasarian 2,6,2025
430,SETELUK,-8.6333055555556,116.85902777778,TAPIR,SETELUK,SUMBAWA BARAT,51.0,Menengah,Dasarian 2,6,2025
431,SEKONGKANG,-8.9674166666667,116.74544444444,SEKONGKANG BAWAH,SEKONGKANG,SUMBAWA BARAT,0.0,Rendah,Dasarian 2,6,2025
432,TANO,-8.5834444444444,116.84475,POTO TANO,POTO TANO,SUMBAWA BARAT,50.0,Menengah,Dasarian 2,6,2025
433,MALUK,-8.9177777777778,116.7575,MALUK,MALUK,SUMBAWA BARAT,7.0,Rendah,Dasarian 2,6,2025
434,JEREWEH,-8.8666944444444,116.82283333333,BELO,JEREWEH,SUMBAWA BARAT,73.0,Menengah,Dasarian 2,6,2025
435,BRANG REA,-8.7245833333333,116.91575,BERU,BRANG REA,SUMBAWA BARAT,59.0,Menengah,Dasarian 2,6,2025
436,BRANG ENE,-8.78325,116.89786111111,-,BRANG ENE,SUMBAWA BARAT,17.0,Rendah,Dasarian 2,6,2025
437,UNTER IWES,-8.504,117.402,UNTER IWES,UNTER IWES,SUMBAWA,0.0,Rendah,Dasarian 2,6,2025
438,TERANO,-8.7464722222222,117.99441666667,LABUHAN BONTONG,TERANO,SUMBAWA,18.0,Rendah,Dasarian 2,6,2025
439,STAMET SUMBAWA,-8.4883333333333,117.41361111111,LAMPE,SUMBAWA,SUMBAWA,20.0,Rendah,Dasarian 2,6,2025
440,DIPERTA SUMBAWA,-8.5037777777778,117.41744444444,BRANG BARA,SUMBAWA,SUMBAWA,0.0,Rendah,Dasarian 2,6,2025
441,RHEE,-8.4875,117.24416666667,-,RHEE,SUMBAWA,3.0,Rendah,Dasarian 2,6,2025
442,PLAMPANG,-8.7770277777778,117.75858333333,PLAMPANG,PLAMPANG,SUMBAWA,21.0,Rendah,Dasarian 2,6,2025
443,ORONG TELU,-8.7883333333333,117.21805555556,-,ORONG TELU,SUMBAWA,12.0,Rendah,Dasarian 2,6,2025
444,MOYOHULU,-8.6421666666667,117.44052777778,SEMAMUNG,MOYOHULU,SUMBAWA,1.0,Rendah,Dasarian 2,6,2025
445,MOYOHILIR,-8.5263611111111,117.50055555556,MOYO,MOYOHILIR,SUMBAWA,21.0,Rendah,Dasarian 2,6,2025
446,SEBEWE MOYO UTARA,-8.4828333333333,117.47430555556,SEBEWE,MOYO UTARA,SUMBAWA,4.0,Rendah,Dasarian 2,6,2025
447,LUNYUK,-8.9950277777778,117.20369444444,LUNYUK ODE,LUNYUK,SUMBAWA,12.0,Rendah,Dasarian 2,6,2025
448,LENANGGUAR,-8.7338055555556,117.36222222222,LENANGGUAR,LENANGGUAR,SUMBAWA,0.0,Rendah,Dasarian 2,6,2025
449,LAPE,-8.6251944444444,117.60213888889,DETE,TALIWANG,SUMBAWA,13.0,Rendah,Dasarian 2,6,2025
450,LABANGKA/SUKADAMAI,-8.9065277777778,117.73986111111,SUKADAMAI,SETELUK,SUMBAWA,7.0,Rendah,Dasarian 2,6,2025
451,LABUHAN BADAS,-8.47125,117.36786111111,LABUHAN BADAS,POTO TANO,SUMBAWA,4.0,Rendah,Dasarian 2,6,2025
452,EMPANG,-8.7701111111111,118.00013888889,EMPANG ATAS,MALUK,SUMBAWA,1.0,Rendah,Dasarian 2,6,2025
453,BUER,-8.4658333333333,117.03552777778,LABUHAN BURUNG,JEREWEH,SUMBAWA,0.0,Rendah,Dasarian 2,6,2025
454,ALAS BARAT,-8.5177777777778,116.96694444444,-,BRANG REA,SUMBAWA,0.0,Rendah,Dasarian 2,6,2025
455,ALAS,-8.5134722222222,116.99383333333,ALAS,BRANG ENE,SUMBAWA,3.0,Rendah,Dasarian 2,6,2025
456,TANJUNG,-8.36,116.16,SOKONG,UNTER IWES,LOMBOK UTARA,28.0,Rendah,Dasarian 2,6,2025
457,PEMENANG TIMUR,-8.40725,116.11466666667,PEMENANG TIMUR,TERANO,LOMBOK UTARA,14.0,Rendah,Dasarian 2,6,2025
458,PEMENANG,-8.4031111111111,116.10019444444,PEMENANG BARAT,SUMBAWA,LOMBOK UTARA,8.0,Rendah,Dasarian 2,6,2025
459,SMPK SANTONG,-8.3177777777778,116.28786111111,SANTONG,SUMBAWA,LOMBOK UTARA,8.0,Rendah,Dasarian 2,6,2025
460,SAMBIK BANGKOL,-8.3228888888889,116.26541666667,SAMBIK BANGKOL,RHEE,LOMBOK UTARA,3.0,Rendah,Dasarian 2,6,2025
461,GANGGA,-8.347,116.19,GONDANG,PLAMPANG,LOMBOK UTARA,41.0,Rendah,Dasarian 2,6,2025
462,SENARU,-8.2899722222222,116.402,SENARU,ORONG TELU,LOMBOK UTARA,0.0,Rendah,Dasarian 2,6,2025
463,BAYAN,-8.27,116.45,ANYAR,MOYOHULU,LOMBOK UTARA,3.0,Rendah,Dasarian 2,6,2025
464,KARANG BARU TIMUR/WANASABA,-8.5451666666667,116.54533333333,KARANG BARU TIMUR,MOYO UTARA,LOMBOK TIMUR,0.0,Rendah,Dasarian 2,6,2025
465,TERARA,-8.6170555555556,116.41622222222,-,LUNYUK,LOMBOK TIMUR,21.0,Rendah,Dasarian 2,6,2025
466,RARANG SELATAN,-8.6786111111111,116.39277777778,TERARA,LENANGGUAR,LOMBOK TIMUR,16.0,Rendah,Dasarian 2,6,2025
467,SWELA,-8.5252777777778,116.57772222222,SWELA,LAB BADAS,LOMBOK TIMUR,0.0,Rendah,Dasarian 2,6,2025
468,PERIGI,-8.4733333333333,116.62361111111,PERIGI,EMPANG,LOMBOK TIMUR,0.0,Rendah,Dasarian 2,6,2025
469,SUKAMULIA,-8.6389722222222,116.49138888889,DASAN LEKONG,BUER,LOMBOK TIMUR,0.0,Rendah,Dasarian 2,6,2025
470,SIKUR,-8.6370277777778,116.42644444444,MONTONG BAAN,ALAS BARAT,LOMBOK TIMUR,20.0,Rendah,Dasarian 2,6,2025
471,SEMBALUN,-8.36075,116.52672222222,SEMBALUN LAWANG,ALAS,LOMBOK TIMUR,11.0,Rendah,Dasarian 2,6,2025
472,KOKOK PUTIH SEMBALUN,-8.3085277777778,116.63805555556,BILOK TEPUNG,TANJUNG,LOMBOK TIMUR,0.0,Rendah,Dasarian 2,6,2025
473,SAMBELIA,-8.3883611111111,116.70591666667,SAMBELIA,PEMENANG,LOMBOK TIMUR,0.0,Rendah,Dasarian 2,6,2025
474,LABUHAN PANDAN,-8.4158333333333,116.66722222222,LABUHAN PANDAN,PEMENANG,LOMBOK TIMUR,0.0,Rendah,Dasarian 2,6,2025
475,RENSING,-8.7258333333333,116.46541666667,RENSING,GANGGA,LOMBOK TIMUR,0.0,Rendah,Dasarian 2,6,2025
476,PRINGGASELA,-8.5311111111111,116.45472222222,-,GANGGA,LOMBOK TIMUR,0.0,Rendah,Dasarian 2,6,2025
477,PRINGGABAYA,-8.5305277777778,116.63780555556,PRINGGABAYA UTARA,WANASABA,LOMBOK TIMUR,0.0,Rendah,Dasarian 2,6,2025
478,MONTONG GADING,-8.5953611111111,116.40761111111,PRINGGA JURANG,TERARA,LOMBOK TIMUR,0.0,Rendah,Dasarian 2,6,2025
479,MASBAGIK,-8.6161944444444,116.48702777778,MASBAGIK BARAT,SWELA,LOMBOK TIMUR,0.0,Rendah,Dasarian 2,6,2025
480,LABUHAN HAJI,-8.6472222222222,116.57861111111,-,SWELA,LOMBOK TIMUR,0.0,Rendah,Dasarian 2,6,2025
481,KERUAK,-8.7541666666667,116.48416666667,-,SUKAMULIA,LOMBOK TIMUR,0.0,Rendah,Dasarian 2,6,2025
482,JEROWARU,-8.7738888888889,116.47694444444,SEPAPAN,SIKUR,LOMBOK TIMUR,19.0,Rendah,Dasarian 2,6,2025
483,LENEK DUREN,-8.5797222222222,116.52861111111,LENEK DUREN,SEMBALUN,LOMBOK TIMUR,0.0,Rendah,Dasarian 2,6,2025
484,AIKMEL,-8.5846111111111,116.50986111111,LENEK,SEMBALUN,LOMBOK TIMUR,0.0,Rendah,Dasarian 2,6,2025
485,PANDAN WANGI,-8.7898055555555,116.4625,PANDAN WANGI,SAMBELIA,LOMBOK TIMUR,36.0,Rendah,Dasarian 2,6,2025
486,PUJUT,-8.82,116.3,SENGKOL,PUJUT,LOMBOK TENGAH,15.0,Rendah,Dasarian 2,6,2025
487,MERTAK,-8.8903333333333,116.36663888889,MERTAK,PUJUT,LOMBOK TENGAH,91.0,Menengah,Dasarian 2,6,2025
488,PRINGGARATA,-8.62,116.25,PRINGGARATA,PRINGGARATA,LOMBOK TENGAH,16.0,Rendah,Dasarian 2,6,2025
489,MUJUR 2,-8.8176666666667,116.39375,BILELANDO,PRAYA TIMUR,LOMBOK TENGAH,24.0,Rendah,Dasarian 2,6,2025
490,MUJUR,-8.78,116.36,MUJUR,PRAYA TIMUR,LOMBOK TENGAH,67.0,Menengah,Dasarian 2,6,2025
491,BATU NYALA,-8.7315833333333,116.31175,BATU NYALA,PRAYA TENGAH,LOMBOK TENGAH,72.0,Menengah,Dasarian 2,6,2025
492,DAREK,-8.7349722222222,116.20322222222,DAREK,PRAYA BARAT DAYA,LOMBOK TENGAH,66.0,Menengah,Dasarian 2,6,2025
493,STAMET BIL,-8.765,116.28472222222,PENUJAK,PRAYA BARAT,LOMBOK TENGAH,19.0,Rendah,Dasarian 2,6,2025
494,SELONG BELANAK,-8.8566111111111,116.15419444444,SELONG BELANAK,PRAYA BARAT,LOMBOK TENGAH,69.0,Menengah,Dasarian 2,6,2025
495,PENUJAK,-8.77,116.23,PENUJAK,PRAYA BARAT,LOMBOK TENGAH,18.0,Rendah,Dasarian 2,6,2025
496,KATENG,-8.8240555555555,116.23338888889,KATENG,PRAYA BARAT,LOMBOK TENGAH,106.0,Menengah,Dasarian 2,6,2025
497,PRAYA,-8.6961388888889,116.28052777778,AIKMUAL,PRAYA,LOMBOK TENGAH,17.0,Rendah,Dasarian 2,6,2025
498,KOPANG,-8.63,116.38,MONTONG GAMANG,KOPANG,LOMBOK TENGAH,145.0,Menengah,Dasarian 2,6,2025
499,PUYUNG,-8.68125,116.23555555556,PUYUNG,JONGGAT,LOMBOK TENGAH,8.0,Rendah,Dasarian 2,6,2025
500,JANAPRIA,-8.69,116.4,JANAPRIA,JANAPRIA,LOMBOK TENGAH,70.0,Menengah,Dasarian 2,6,2025
501,BATUKLIANG,-8.57,116.3,TERATAK,BATUKLIANG UTARA,LOMBOK TENGAH,111.0,Menengah,Dasarian 2,6,2025
502,MANTANG,-8.62,116.31,BARABALI,BATUKLIANG,LOMBOK TENGAH,61.0,Menengah,Dasarian 2,6,2025
503,SEKOTONG,-8.76,116.03,SEKOTONG TENGAH,SEKOTONG,LOMBOK BARAT,37.0,Rendah,Dasarian 2,6,2025
504,PELANGAN,-8.7939166666667,115.93386111111,PELANGAN,SEKOTONG,LOMBOK BARAT,27.0,Rendah,Dasarian 2,6,2025
505,BUWUN MAS,-8.8554722222222,116.08208333333,BUWUN MAS,SEKOTONG,LOMBOK BARAT,39.0,Rendah,Dasarian 2,6,2025
506,NARMADA,-8.58,116.2,PERESAK,NARMADA,LOMBOK BARAT,15.0,Rendah,Dasarian 2,6,2025
507,SIGERONGAN,-8.55,116.18,SIGERONGAN,LINGSAR,LOMBOK BARAT,36.0,Rendah,Dasarian 2,6,2025
508,LEMBAR,-8.75,116.09,LABUHAN TERENG,LEMBAR,LOMBOK BARAT,12.0,Rendah,Dasarian 2,6,2025
509,LABUAPI,-8.6276388888889,116.12219444444,LABUAPI,LABUAPI,LOMBOK BARAT,17.0,Rendah,Dasarian 2,6,2025
510,RUMAK,-8.64125,116.13430555556,RUMAK,KEDIRI,LOMBOK BARAT,41.0,Rendah,Dasarian 2,6,2025
511,KEDIRI,-8.6363888888889,116.1705,MONTONG ARE,KEDIRI,LOMBOK BARAT,1.0,Rendah,Dasarian 2,6,2025
512,GUNUNG SARI,-8.53,116.1,GUNUNG SARI,GUNUNG SARI,LOMBOK BARAT,17.0,Rendah,Dasarian 2,6,2025
513,GERUNG,-8.6782777777778,116.11736111111,GERUNG UTARA,GERUNG,LOMBOK BARAT,90.0,Menengah,Dasarian 2,6,2025
514,BANYU URIP,-8.7296944444444,116.15475,BANYU URIP,GERUNG,LOMBOK BARAT,7.0,Rendah,Dasarian 2,6,2025
515,BATULAYAR,-8.5396111111111,116.08055555556,MENINTING,BATU LAYAR,LOMBOK BARAT,15.0,Rendah,Dasarian 2,6,2025
517,AMPENAN,-8.59,116.101,JEMPONG BARU,SEKARBELA,KOTA MATARAM,25.0,Rendah,Dasarian 2,6,2025
518,CAKRANEGARA,-8.57,116.13,SAYANG-SAYANG,CAKRANEGARA,KOTA MATARAM,23.0,Rendah,Dasarian 2,6,2025
519,RASANAE / RABA,-8.4716111111111,118.755,RABANGGODU,RABA,KOTA BIMA,11.0,Rendah,Dasarian 2,6,2025
520,ASAKOTA KOLO,-8.37825,118.72486111111,KOLO,ASAKOTA,KOTA BIMA,32.0,Rendah,Dasarian 2,6,2025
521,ASAKOTA JATIWANGI,-8.4480277777778,118.74102777778,JATIWANGI,ASAKOTA,KOTA BIMA,13.0,Rendah,Dasarian 2,6,2025
522,SANEO WOJA,-8.4633888888889,118.45030555556,SANEO,WOJA,DOMPU,9.0,Rendah,Dasarian 2,6,2025
523,PEKAT / CALABAI,-8.2266944444444,117.72330555556,CALABAI,PEKAT,DOMPU,14.0,Rendah,Dasarian 2,6,2025
524,PAJO,-8.5836111111111,118.49583333333,RANGGO,PAJO,DOMPU,19.0,Rendah,Dasarian 2,6,2025
525,MANGGALEWA,-8.4813888888889,118.29933333333,NUSA JAYA,MANGGALEWA,DOMPU,58.0,Menengah,Dasarian 2,6,2025
526,KILO,-8.3111111111111,118.39833333333,MELAJU,KILO,DOMPU,32.0,Rendah,Dasarian 2,6,2025
527,KEMPO,-8.5,118.24,KEMPO,KEMPO,DOMPU,15.0,Rendah,Dasarian 2,6,2025
528,HUU,-8.7378333333333,118.43983333333,RASABOU,HU'U,DOMPU,17.0,Rendah,Dasarian 2,6,2025
529,DOMPU,-8.5190555555556,118.46536111111,BALI I,DOMPU,DOMPU,15.0,Rendah,Dasarian 2,6,2025
530,WOHA,-8.5691666666667,118.66872222222,KALAMPA,WOHA,BIMA,53.0,Menengah,Dasarian 2,6,2025
531,WAWO,-8.5523333333333,118.85561111111,KOMBO,WAWO,BIMA,33.0,Rendah,Dasarian 2,6,2025
532,TAMBORA,-8.16,118.0,RASABOU,TAMBORA,BIMA,8.0,Rendah,Dasarian 2,6,2025
533,SOROMANDI,-8.3805555555556,118.69111111111,KANANTA,SOROMANDI,BIMA,18.0,Rendah,Dasarian 2,6,2025
534,SAPE,-8.5656944444444,118.97605555556,NARU,SAPE,BIMA,39.0,Rendah,Dasarian 2,6,2025
535,SANGGAR,-8.3767222222222,118.3105,SANDUE,SANGGAR,BIMA,28.0,Rendah,Dasarian 2,6,2025
536,STAMET BIMA,-8.5427777777778,118.69277777778,BELO,PALIBELO,BIMA,48.0,Rendah,Dasarian 2,6,2025
537,PALIBELO PANDA,-8.51875,118.69436111111,PANDA,PALIBELO,BIMA,4.0,Rendah,Dasarian 2,6,2025
538,MONTA,-8.6399444444444,118.69344444444,SEKURU,MONTA,BIMA,3.0,Rendah,Dasarian 2,6,2025
539,MADAPANGGA 2,-8.5191111111111,118.6005,BOLO,MADAPANGGA,BIMA,12.0,Rendah,Dasarian 2,6,2025
540,MADAPANGGA,-8.5107222222222,118.57802777778,RATO,MADAPANGGA,BIMA,5.0,Rendah,Dasarian 2,6,2025
541,DORO OO/LANGGUDU,-8.69,118.76,DORO OO,LANGGUDU,BIMA,14.0,Rendah,Dasarian 2,6,2025
542,LAMBU,-8.6225833333333,119.00308333333,LANTA,LAMBU,BIMA,16.0,Rendah,Dasarian 2,6,2025
543,LAMBITU,-8.5808333333333,118.76722222222,…,LAMBITU,BIMA,18.0,Rendah,Dasarian 2,6,2025
544,DONGGO NDANO,-8.5,118.54,NDANO NAE,DONGGO,BIMA,35.0,Rendah,Dasarian 2,6,2025
545,DONGGO,-8.4304166666667,118.60391666667,O'O,DONGGO,BIMA,69.0,Menengah,Dasarian 2,6,2025
546,BOLO,-8.5017222222222,118.61908333333,CENGGU,BOLO,BIMA,2.0,Rendah,Dasarian 2,6,2025
547,BELO,-8.5964166666667,118.70216666667,CENGGU,BELO,BIMA,0.0,Rendah,Dasarian 2,6,2025
